532,531,502,401,398,488,438,455,391,350,410,469,384,480,412,440,428,455,518,406,591,411,581,488,438,455,391,350,410,469,384,480,412,440,428,455,518,406,591,411,581,488,438,455,391,350,410,469,384,480,412,440,428,455,518,406,591,411,581,488,438,455,391,350,410,469,384,480,412,440,428,455,518,406,591,411,581,488,438,455,391,350,410,469,384,480,412,440,428,455,518,406,591,411,581,488,438,455,391,350
858,941,921,1172,902,1207,1007,1283,1119,1310,1290,1401,1371,1356,1270,1488,1389,1355,1464,1329,1249,1486,1585,1709,1518,1761,1712,1686,1942,1548,1521,1786,1826,1688,1867,2119,1970,1905,1922,1945,1862,2102,1996,2162,1994,2122,2120,2366,2605,2304,2220,2272,2176,2555,2299,2290,2331,2561,2317,2368,2719,2439,2486,2543,2492,2766,2890,2535,2524,2974,2814,2744,2926,2915,3044,2968,3125,3285,2910,2871,2978,2981,3248,3064,3278,3135,2852,2777,3043,3323,2910,2770,2757,2664,2912,2931,2897,3093,2765,2834
3261,4272,3733,3467,4076,3897,3747,4189,4061,4392,4447,4569,4596,4667,4736,4813,4973,5018,5254,5157,5157,5192,5272,5434,5350,5573,5377,5925,5437,5662,5679,5960,5726,5761,5993,5940,5874,6120,6409,6649,6694,6988,6939,6979,6694,7189,7230,6887,7134,7511,7347,7485,7758,7785,7646,7807,8004,8062,7875,8289,8253,8668,8541,8577,8719,9139,8832,9048,8993,9717,8845,9321,9648,9585,9867,9795,9719,9713,9882,10091,9918,9889,10016,10287,10414,10989,10426,10636,10233,10304,10310,9980,9911,10238,10661,9986,10437,10313,10264,10612
11007,11038,11250,12123,12077,11844,12206,13080,12272,12341,12917,12865,12877,13389,13274,13507,14461,14187,14451,14560,13841,15266,14975,14787,15557,15093,15132,15155,17590,15501,15368,16047,16066,16272,15984,16983,16738,16955,16732,16949,16940,17114,17266,17354,18351,17830,18142,18469,18193,18617,18627,18744,18858,18854,19229,19796,19806,19784,19833,20298,20466,19967,21580,20356,20517,20895,21152,20687,21245,21189,21220,22243,21700,22158,22404,23523,22922,22732,22740,23196,22824,21871,22384,23125,23044,22688,22623,23105,22794,22657,21974,22933,24458,22950,22128,22790,23053,23358,22813,22958
23562,24278,23833,24199,24940,24339,24331,25614,24286,25012,25160,25570,25586,26017,25844,27156,26196,26915,26909,27986,27145,27477,28021,28641,28546,28163,28824,28622,30126,29298,29595,31452,30251,30310,30297,30808,31165,30905,31409,33154,32758,32071,32814,33215,32852,33453,33239,33885,35093,33554,33829,33769,34915,34878,35284,35958,35526,36199,36001,36027,36330,38170,37168,36738,38408,38349,37628,38444,38427,38520,38909,39738,40437,39067,39794,41113,39953,41062,40220,41598,40148,40390,40380,40091,39944,40708,40450,39120,39563,40155,40972,39892,40765,39790,40697,40257,40563,40057,39688,40482
41455,40820,41791,42609,42908,41952,43268,43401,43568,44388,44297,44681,44544,45139,44793,45229,46407,46214,47098,47964,47143,48352,47693,47747,47918,47904,49538,48203,49336,48494,50127,51463,49881,49999,51266,51857,50602,52318,51476,51390,51545,51961,51943,52706,53341,54124,53707,53915,54290,56286,54611,56311,55169,55572,55931,57571,55876,55955,57342,56590,56879,56838,57852,57033,59153,57887,57776,58359,59817,59115,59319,60438,61062,60800,60561,61432,61703,61872,61850,63066,64073,63486,63864,62585,63594,62606,65078,65131,63449,64006,62700,63842,63494,63161,64432,64193,63382,64546,63630,63205
65258,64490,65656,65144,65597,66732,66419,66394,67746,67466,67932,68674,69932,69229,69178,70337,71069,71009,70495,73049,72125,72392,73421,73008,73450,75439,73638,75388,74953,76815,76731,76072,76447,76350,77167,77862,77642,77659,80570,78474,79088,79077,79566,80299,81379,80899,81392,81988,82567,82775,83263,82807,83802,83185,84466,84710,84848,85003,85529,85428,85353,87864,87248,87729,88828,88336,88449,89820,88081,89186,90082,89144,89807,90117,90929,90203,90838,90853,91067,90999,91792,91546,91163,91066,90799,92223,91343,92531,91158,90846,91757,91714,92237,92491,92109,91635,91933,92224,91281,91073
91963,94567,94044,94023,95969,95309,94354,95140,95525,96087,95304,96867,98725,98535,97665,97666,98658,100264,101089,101752,102477,102757,102864,103174,104087,104171,104562,104199,105354,107945,106284,104796,106021,105547,104973,106094,105497,105745,106428,106137,106843,105797,105760,106329,106420,105561,105175,105129,105085,105042,104990,105191,105016,106280,106755,107447,107517,107588,107900,108390,109957,110282,109811,110244,110834,111427,111410,110934,111714,111517,112489,112956,113536,113923,114504,114027,114577,115129,116196,116234,116835,119327,118453,119345,119594,120152,122296,120002,120288,119138,121361,121044,120443,120480,122563,120777,121486,121002,121802,121632
123054,123358,122510,124232,125920,123969,126371,124717,125216,125178,127065,127232,126594,130003,128137,131831,130437,130367,129471,131341,130772,132705,132614,133769,134933,135245,135764,135689,138076,135615,137725,136541,137001,138047,138972,138462,141252,140102,141625,140767,141079,142404,143887,143591,143262,143882,146231,144674,145373,147362,145528,145837,146612,149500,148236,147504,149009,148812,151606,149835,151887,152422,153468,152422,154462,155151,153556,154569,155709,156854,154967,157346,157664,157373,157939,158753,160289,158970,160993,159818,159704,159800,164787,159298,160660,160126,160433,161225,160078,161977,162043,163097,161482,160895,162076,159800,161164,162707,160160,159921
164829,162264,162263,163246,165515,165747,166342,165167,167846,167616,167317,169418,169537,171085,169836,169933,170543,172154,173594,171869,172659,173248,174547,175758,175669,175312,175892,178687,177370,179964,177826,179902,179753,179643,181398,179877,180403,182611,183201,183093,184138,183376,184293,186112,186115,186224,187756,187246,187357,189987,193133,191093,190325,189503,192065,191254,191303,193104,193378,195425,192993,193714,194634,196784,197929,197522,197190,197876,197610,198230,199214,199883,204656,201647,201955,206337,205063,202214,202839,202345,201944,204298,203302,205110,201936,203457,203005,203168,203570,204049,204706,203529,203994,202694,202355,203006,203081,203283,202931,203830
203944,205249,208620,207439,205534,206354,207230,208421,206133,211070,209332,209509,209098,209958,209462,210956,210698,211598,213439,212897,214093,214290,214073,218091,216461,218328,216325,218149,217839,218484,220115,219930,220893,222915,222943,221987,223429,224574,224435,224680,226241,227076,226056,229370,227900,228417,229103,229591,230642,230555,231534,234597,234601,233197,234564,235753,235779,236999,236560,237881,239395,237831,237982,239301,239771,241117,243007,243264,242224,242716,242905,243192,246172,245270,245688,246715,250099,249454,248697,249261,248917,251412,250881,253812,252290,252050,252759,250130,249555,249501,252176,250921,249709,251346,252797,251661,250910,250476,252724,253504
253208,253238,256234,252861,252841,254191,255908,257855,257215,256983,257340,258453,259475,258880,260265,261908,263635,261195,261979,263344,265260,266715,265803,266440,267337,267948,269399,268759,269022,274197,273979,272214,271377,271680,274281,273390,274231,276156,275286,276220,276302,280832,280794,279537,280303,280661,283137,283317,284789,284231,285119,287374,285353,287651,289957,289120,288991,289499,291505,291244,291565,292128,293075,294203,294836,295124,297667,296028,296027,298428,298263,300202,299911,300515,303294,302965,300837,304503,305010,303540,306399,303678,304484,306008,303902,305227,304810,302478,307345,305521,304303,304092,306660,303923,304820,304973,304924,304969,305500,304220
308185,308243,309140,309265,308192,307945,308309,313847,314206,312694,313799,316582,315026,313099,315331,315351,315511,317352,318295,317229,319108,318120,319372,321361,320561,319695,322189,321539,321835,324165,324218,323512,328157,324969,325888,327094,326167,326527,327750,327826,328483,329178,331695,331602,331867,332554,331788,333118,334419,333013,335283,335505,337139,337547,338031,336752,338145,337471,340375,343237,344476,344726,345602,346393,347966,349148,347681,350866,353799,353000,353146,355715,354638,354444,355800,356330,355752,353370,356577,353594,355933,356004,358362,355828,356646,357138,361495,358703,359524,360550,361856,358731,359708,361988,361373,360857,358701,359883,360372,358162
362499,362848,361711,362031,362769,363464,367408,367818,367018,365388,368315,370216,370734,372225,369532,371971,371684,373834,374702,375640,377583,379251,379303,379002,381100,382573,384595,382904,384447,384925,385419,386291,389587,388677,389950,388838,390582,390971,392217,392549,392821,395495,396337,397939,399267,396934,399191,398354,399855,399931,401386,401193,403142,408885,403777,406468,406886,408718,406705,408363,409459,413121,411086,414177,414564,413849,415035,417450,417748,419228,421031,420549,420487,422492,422594,424132,427514,423829,426469,424025,424953,426987,425178,425579,423197,424055,428135,428403,425398,422955,423897,423075,426484,427486,425646,425983,425720,427607,428499,431420
430495,428384,431093,433873,431629,435900,432541,433751,442268,438559,437606,440265,442737,441246,441025,442693,442364,443387,445911,445836,448846,448194,450290,449003,451845,451380,450836,452954,456621,456527,459820,455557,459154,459644,459427,462777,460799,463113,463172,466248,468063,467711,468298,468576,470481,472553,473507,472052,474543,473951,478302,477487,477055,479567,481564,480416,482754,483364,483576,485332,484341,487371,486253,488850,489035,494553,490507,492756,493390,495041,495178,498154,498804,498308,499823,497563,496866,497972,498071,497978,496551,500801,496581,498534,497973,499642,500116,498561,498522,498741,500437,500036,498598,500610,499016,501164,502015,500174,507302,502087
506441,505585,506362,507592,509130,510429,513031,511264,513008,512353,513608,515438,514536,520545,522316,522819,521873,520015,521484,522130,522358,525189,528892,525154,527128,526224,527259,528912,528233,530510,529567,534088,531901,532547,533825,534308,535406,535689,537248,537164,540357,541139,540163,542991,543212,545711,546595,546834,549463,548954,549636,550041,555455,553093,554159,554308,555685,559517,559314,559704,557693,560463,561531,562045,564780,565378,567671,569506,563841,567151,566386,571804,570513,569296,570689,573225,574321,573340,573083,578678,572422,575498,573821,573723,574754,576355,577823,574811,575838,573929,575109,575257,576258,574944,576203,583468,577985,576032,577389,576099
580259,577821,579933,578892,582271,581087,589704,586815,586654,585560,585466,589258,590469,589062,592529,593553,593267,596432,598814,596729,596109,602372,597614,604177,600264,605247,605034,605967,604775,611013,608265,608831,610454,609914,615568,613617,617289,614573,616151,616955,618713,619555,623934,621912,622307,623865,625180,626608,627344,627596,630092,631034,634156,635706,633888,636908,635465,635931,641681,639417,637187,641178,642988,642681,642476,645666,646682,646388,647462,653242,653019,652998,653971,655993,656410,657167,654019,655360,653785,655587,661862,653464,654358,655415,655220,653086,654752,652909,655232,658720,655037,654715,656043,657912,656898,657269,658360,658971,657199,655995
661200,659187,663448,659494,665125,662706,663820,672446,672244,669092,667992,669067,669341,669907,670133,669749,667358,668822,668500,670195,670118,670029,670103,668844,668583,668805,668613,668580,668570,669174,668355,668270,670199,670137,669722,669609,668907,667302,667059,669294,665794,668962,668058,668774,666371,667494,667209,667006,666795,668070,666705,664578,664515,664343,663988,663795,663583,663628,665656,664187,665265,664445,665895,664737,664623,662351,663803,661738,661852,661443,661503,662300,663404,664346,663097,661523,661372,664456,661094,660050,659910,659772,659396,659051,658646,661632,660099,663238,663615,663345,664234,667500,669063,668171,673898,671165,672750,675660,676497,677219
681624,683786,681118,684684,685975,685522,685818,686572,685862,691592,688947,690789,695726,692762,693073,696899,697107,694209,698089,697017,700304,699353,704387,702911,703758,702358,708461,707119,707953,707574,708007,710596,711402,712614,711975,713668,716393,719629,719758,720636,719642,721159,721800,725485,724022,727502,726143,730136,730096,732337,729861,732720,732635,733644,737034,736935,736202,739585,738572,740883,741720,740288,746716,742986,745680,747299,748590,747793,750741,751972,751918,752174,753851,755187,756735,757339,761931,759526,760223,761312,762803,765659,763469,768563,767154,767768,767020,769346,776669,770684,773163,776578,775143,775072,779958,780063,779654,780896,783867,784009
785064,786536,788117,789327,790180,795331,793988,799762,796178,795294,804850,801969,799229,806466,805770,803476,807161,807567,812056,811012,808933,814326,813459,816518,818205,815260,818849,816915,819507,824472,821694,820953,823448,826002,830943,829986,828548,828141,831024,831828,836320,831279,833431,834969,838984,840686,839652,840064,840358,844259,844453,847302,848263,848520,849324,851724,852010,854630,853538,855623,853661,859256,861699,858233,864291,859725,868048,866666,865555,869206,867750,872825,870877,877936,874336,871752,877085,875163,875184,881206,877917,881090,881593,884082,885395,885167,887701,886919,890328,890582,892607,900874,892450,896109,898236,897085,897646,895832,899572,899522
