2488,2549,2571,2358,2385,2583,2500,2373,2565,2650,2442,2538,2615,2354,2369,2576,2421,2346,2562,2579,2359,2493,2602,2394,2401,2564,2386,2360,2574,2567,2398,2502,2585,2409,2432,2555,2383,2337,2496,2482,2343,2478,2587,2416,2434,2603,2457,2329,2494,2533,2369,2491,2527,2405,2467,2583,2433,2289,2481,2501,2300,2409,2469,2379,2479,2580,2414,2331,2472,2452,2290,2398,2456,2381,2529,2599,2405,2393,2484,2457,2319,2441,2525,2366,2516,2614,2403,2355,2480,2463,2313,2468,2506,2350,2585,2618,2399,2397,2464,2388
10065,10048,9595,9494,9845,10188,10064,9649,9650,9925,10188,9963,9594,9726,10016,10181,9971,9563,9614,9953,10221,10118,9699,9703,10061,10283,10031,9734,9844,10031,10149,9891,9667,9856,9971,10030,9848,9710,9914,10059,10011,9763,9754,10016,10178,10167,9878,9693,9918,10145,10145,9805,9604,9955,10205,10061,9690,9579,10039,10325,10023,9601,9615,10134,10336,10021,9621,9551,10152,10501,10035,9590,9506,9975,10323,9894,9503,9580,10103,10422,9990,9623,9678,10156,10406,10028,9657,9669,10147,10252,9963,9733,9815,10196,10176,9918,9678,9856,10292,10094
22099,22353,22283,22193,22481,22894,22818,22234,21796,21887,22258,22414,22197,22124,22496,22684,22706,22269,21634,21877,22354,22468,22256,22018,22145,22642,23218,22691,21769,21857,22258,22369,22124,21959,22022,22603,23279,22920,22058,21796,22076,22282,22350,22147,22174,22786,23157,22841,22186,21775,21896,22114,22344,22369,22126,22302,22720,22804,22159,21720,22048,22322,22279,22078,22025,22280,22521,22825,22544,21755,21746,22209,22421,22138,21786,21932,22611,23123,22632,21825,21756,22304,22519,22161,21964,22174,22692,23119,22773,22100,21993,22133,22363,22600,22388,22197,22608,23045,22801,22310
40054,40021,39412,39428,38908,39562,39954,39406,39420,39047,39426,39541,39375,39446,39013,39799,39645,39034,39325,39236,40154,40028,39412,39292,39274,40262,39715,39237,39513,39502,40344,40111,39545,39253,39350,40208,39897,39569,39269,39563,40407,39849,39592,39283,39588,40311,39608,39636,39306,39800,40465,39457,39690,39462,39861,40202,39250,39717,39600,40170,40578,39594,39536,39299,39961,40386,39943,39609,39022,39938,40196,39712,39705,39171,39775,40048,39580,39608,38954,39286,39669,39313,39438,39247,39797,39740,39382,39515,39129,39910,39704,39159,39360,39256,40200,39962,39474,39444,39322,40356
62653,62591,62357,62237,62383,62229,62241,62105,61958,62206,62340,62395,62271,62071,62044,61908,61669,61780,61828,61743,61669,61569,61394,61519,61300,61611,61671,61796,61899,61949,61744,61652,61369,61417,61413,61367,61240,61491,61493,61520,61240,61222,61077,61056,60918,61045,60945,60843,60812,60914,60756,61105,61249,61361,61101,60998,61042,61312,61105,61419,61387,61521,61630,61764,61424,61676,61346,61214,60989,61055,61141,61235,61354,61587,61370,61313,61231,61164,61189,61551,61564,61685,61739,61985,61800,62127,62059,62369,62394,62306,62184,62420,62416,62289,62282,62437,62323,62269,62299,62395
88682,89329,89251,88566,88802,88397,89520,90045,88631,88811,88795,89602,90214,89011,88929,89179,89651,90049,89113,88956,89289,89630,90374,89196,88852,89392,89253,90592,89898,88840,89145,88801,90231,89842,88668,89342,89543,90295,89694,88629,89304,89263,89590,89099,88475,89017,88829,89201,89099,88559,88945,88672,89330,89691,88649,88915,88968,89623,89935,89114,89339,89401,89824,90130,89028,88762,89350,89901,90205,89101,88803,89156,89039,90250,89539,88981,89093,88443,90018,89902,89118,89345,89317,90277,89574,88342,88960,89282,89896,89515,88529,88993,89153,89373,88853,88505,89190,88948,89474,89408
122162,123795,122432,120875,120904,121370,121403,120927,120505,121222,122735,122807,121780,121163,121065,121539,121559,120443,120034,122446,123924,122132,120781,120702,121310,121654,121231,120583,121125,122849,123151,121791,121275,121620,121709,121491,120466,120221,122266,123484,122238,120658,120353,121218,121868,121287,120481,121073,122725,123470,122230,121263,121350,121737,121704,120639,119951,121797,123217,122309,120866,120023,120791,121979,121314,120096,120800,122606,123606,122475,121284,121649,121800,121191,120655,119931,121204,122580,121908,121083,120587,120845,121503,121267,120526,121123,122836,123830,122811,121487,121437,121468,121181,120681,119967,121183,122446,122202,121308,120808
157512,157731,158896,160376,159775,157468,158220,158778,159781,160127,158533,158167,157967,159105,159280,157590,157349,157607,159089,159323,158048,157958,157429,158934,159715,158805,158689,157686,158623,159380,159329,159150,157538,158257,159444,160410,159632,157347,157600,158936,160851,160161,157915,158417,158376,159337,160237,158359,158053,158508,159009,158908,157969,157757,157812,159400,159708,158513,158190,157655,159444,160371,159381,158954,157865,158495,159419,159618,159056,157397,157902,159059,160680,159689,156948,157607,158796,160356,160238,158085,157979,158363,159479,159731,157627,157600,158278,158838,159190,158128,157262,157455,159630,160062,158896,158133,157610,159626,159923,159028
201096,200808,201882,200770,199701,200776,200171,200877,200564,201461,201677,199825,202130,201448,200160,200839,201224,201094,200179,201027,200271,199995,201243,200343,200603,200660,202114,202107,200444,202395,201454,200040,200344,201165,201591,200410,200897,200160,199912,200954,200355,201209,201008,201842,202130,201120,202510,201599,200641,200838,201440,201424,200227,201276,200585,199522,200263,200312,201191,200374,201303,201722,200525,201832,200867,200573,201067,201558,201680,200469,201665,200886,199939,200648,200729,201110,200284,201675,201420,200388,201752,200165,200052,200727,201748,201741,199814,201504,200935,199961,201203,201032,200822,200504,201962,201469,200112,201695,200324,199904
248857,248899,249144,249116,249095,249172,248444,247835,247205,247079,247485,247345,247478,247667,247541,247198,247030,247212,246960,246435,246393,247009,247107,246449,246218,246316,246428,246239,245784,245637,245588,245756,245798,246176,246351,246330,246414,246351,246932,246904,246001,245329,245497,246365,246631,246512,246897,247471,248087,248283,248227,248598,248864,249067,249487,249669,249900,250600,251244,251895,251853,251496,251860,251755,251237,251118,251083,250824,250425,250082,249515,248990,249396,250047,250411,250901,251048,250684,250866,251111,250712,250096,249410,249487,249928,249466,248612,248360,248185,247576,247373,247975,248563,248619,248227,247807,247457,247506,247702,247338
